{
    "accuracy": 97.39,
    "loss": 0.08173095508090036,
    "confusion_matrix": [
        [
            973,
            1,
            1,
            0,
            1,
            1,
            1,
            1,
            1,
            0
        ],
        [
            0,
            1126,
            5,
            0,
            0,
            0,
            1,
            0,
            3,
            0
        ],
        [
            1,
            1,
            1012,
            3,
            1,
            0,
            2,
            6,
            6,
            0
        ],
        [
            0,
            1,
            8,
            980,
            0,
            5,
            0,
            2,
            8,
            6
        ],
        [
            0,
            1,
            3,
            0,
            947,
            0,
            2,
            0,
            0,
            29
        ],
        [
            2,
            1,
            1,
            18,
            1,
            854,
            4,
            1,
            6,
            4
        ],
        [
            4,
            2,
            0,
            0,
            6,
            2,
            943,
            0,
            1,
            0
        ],
        [
            1,
            3,
            13,
            2,
            3,
            0,
            0,
            992,
            2,
            12
        ],
        [
            3,
            3,
            4,
            1,
            4,
            3,
            5,
            3,
            943,
            5
        ],
        [
            2,
            7,
            0,
            12,
            10,
            0,
            0,
            7,
            2,
            969
        ]
    ],
    "classification_report": {
        "0": {
            "precision": 0.986815415821501,
            "recall": 0.9928571428571429,
            "f1-score": 0.9898270600203459,
            "support": 980.0
        },
        "1": {
            "precision": 0.9825479930191972,
            "recall": 0.9920704845814978,
            "f1-score": 0.9872862779482683,
            "support": 1135.0
        },
        "2": {
            "precision": 0.9665711556829035,
            "recall": 0.9806201550387597,
            "f1-score": 0.9735449735449735,
            "support": 1032.0
        },
        "3": {
            "precision": 0.9645669291338582,
            "recall": 0.9702970297029703,
            "f1-score": 0.9674234945705824,
            "support": 1010.0
        },
        "4": {
            "precision": 0.9732785200411099,
            "recall": 0.9643584521384929,
            "f1-score": 0.9687979539641943,
            "support": 982.0
        },
        "5": {
            "precision": 0.9872832369942196,
            "recall": 0.9573991031390134,
            "f1-score": 0.9721115537848606,
            "support": 892.0
        },
        "6": {
            "precision": 0.9843423799582464,
            "recall": 0.9843423799582464,
            "f1-score": 0.9843423799582464,
            "support": 958.0
        },
        "7": {
            "precision": 0.9802371541501976,
            "recall": 0.9649805447470817,
            "f1-score": 0.9725490196078431,
            "support": 1028.0
        },
        "8": {
            "precision": 0.970164609053498,
            "recall": 0.9681724845995893,
            "f1-score": 0.9691675231243576,
            "support": 974.0
        },
        "9": {
            "precision": 0.9453658536585365,
            "recall": 0.9603567888999008,
            "f1-score": 0.9528023598820059,
            "support": 1009.0
        },
        "accuracy": 0.9739,
        "macro avg": {
            "precision": 0.9741173247513268,
            "recall": 0.9735454565662696,
            "f1-score": 0.9737852596405677,
            "support": 10000.0
        },
        "weighted avg": {
            "precision": 0.9739899534777,
            "recall": 0.9739,
            "f1-score": 0.9739006824075789,
            "support": 10000.0
        }
    }
}